{
  "num_samples": 20,
  "num_actions": 9,
  "avg_feature_importance": {
    "queue": 0.03290782576271643,
    "rb_util": 0.06351447819421689,
    "tx_power": 0.07892323069067465,
    "load": 0.05292347330186102,
    "avg_req": 0.05499233523797658,
    "avg_tput": 0.055448798995672004,
    "avg_delay": 0.03896684226993885,
    "avg_loss": 0.010413807229876207,
    "max_delay": 0.061135911501737104,
    "max_loss": 0.018493436442481147,
    "jains": 0.12054612853874763,
    "n_ues": 0.08426549043506384,
    "sinr_mean": 0.07945115115079615,
    "ho_count": 0.023141183107832655,
    "cqi_mean": 0.07486275798744625,
    "stationary": 0.15001315095772347
  },
  "avg_frame_importance": [
    0.37876694036854636,
    0.29474295087986524,
    0.3264901070959038
  ],
  "avg_cell_importance": [
    0.33107413012120457,
    0.3333676527771685,
    0.33555821312798395
  ],
  "per_action": {
    "cell0_TxPower": {
      "feature_importance": {
        "queue": 0.029843728872947395,
        "rb_util": 0.06250964580103754,
        "tx_power": 0.08431909000501037,
        "load": 0.05143195539712906,
        "avg_req": 0.053575216140598056,
        "avg_tput": 0.052880138531327246,
        "avg_delay": 0.042250930424779655,
        "avg_loss": 0.014515621814643965,
        "max_delay": 0.06283515859395265,
        "max_loss": 0.02166601347271353,
        "jains": 0.12248724214732647,
        "n_ues": 0.08305475879460573,
        "sinr_mean": 0.08014251366257667,
        "ho_count": 0.01779259389732033,
        "cqi_mean": 0.07017665766179562,
        "stationary": 0.15051874630153178
      },
      "frame_importance": [
        0.3465675890445709,
        0.28639133721590043,
        0.3670410618185997
      ],
      "cell_importance": [
        0.3219017334282398,
        0.36590936928987505,
        0.31218890100717545
      ]
    },
    "cell0_CIO": {
      "feature_importance": {
        "queue": 0.033288821065798405,
        "rb_util": 0.05576253002509475,
        "tx_power": 0.09546605125069618,
        "load": 0.049120230786502364,
        "avg_req": 0.06068758014589548,
        "avg_tput": 0.06388506442308425,
        "avg_delay": 0.04570415052585304,
        "avg_loss": 0.00991562510607764,
        "max_delay": 0.07171491049230098,
        "max_loss": 0.01648174347355962,
        "jains": 0.13016181923449038,
        "n_ues": 0.07531188726425171,
        "sinr_mean": 0.0637754749506712,
        "ho_count": 0.02793499850668013,
        "cqi_mean": 0.080111700668931,
        "stationary": 0.12067743055522442
      },
      "frame_importance": [
        0.40647812485694884,
        0.30996508747339246,
        0.2835567928850651
      ],
      "cell_importance": [
        0.3673409387469292,
        0.2983724236488342,
        0.3342866376042366
      ]
    },
    "cell0_TTT": {
      "feature_importance": {
        "queue": 0.02821844704449177,
        "rb_util": 0.05847633238881826,
        "tx_power": 0.0982822397723794,
        "load": 0.04641949338838458,
        "avg_req": 0.04183491794392467,
        "avg_tput": 0.037783472007140516,
        "avg_delay": 0.03586858105845749,
        "avg_loss": 0.010591822475544178,
        "max_delay": 0.05837423647753894,
        "max_loss": 0.023161456221714616,
        "jains": 0.1404314724728465,
        "n_ues": 0.07541241999715567,
        "sinr_mean": 0.09479108965024352,
        "ho_count": 0.025674446031916886,
        "cqi_mean": 0.0669745285063982,
        "stationary": 0.15770504325628282
      },
      "frame_importance": [
        0.4157955899834633,
        0.29440717548131945,
        0.28979723528027534
      ],
      "cell_importance": [
        0.32538735270500185,
        0.30065067782998084,
        0.37396194636821745
      ]
    },
    "cell1_TxPower": {
      "feature_importance": {
        "queue": 0.036114669777452944,
        "rb_util": 0.07092816680669785,
        "tx_power": 0.06050823163241148,
        "load": 0.04950631707906723,
        "avg_req": 0.052720428351312874,
        "avg_tput": 0.08344679744914174,
        "avg_delay": 0.04248222375754267,
        "avg_loss": 0.010750990232918412,
        "max_delay": 0.0584362986497581,
        "max_loss": 0.015506555594038218,
        "jains": 0.12536450549960138,
        "n_ues": 0.09054460637271404,
        "sinr_mean": 0.07967552952468396,
        "ho_count": 0.022322157490998508,
        "cqi_mean": 0.07071588281542063,
        "stationary": 0.13097663782536983
      },
      "frame_importance": [
        0.3706273153424263,
        0.29689022302627566,
        0.33248245120048525
      ],
      "cell_importance": [
        0.3125773653388023,
        0.34920849800109866,
        0.3382141277194023
      ]
    },
    "cell1_CIO": {
      "feature_importance": {
        "queue": 0.0488977090222761,
        "rb_util": 0.06400316478684545,
        "tx_power": 0.08022468872368335,
        "load": 0.06369883688166737,
        "avg_req": 0.05149284228682518,
        "avg_tput": 0.064361456874758,
        "avg_delay": 0.037252700445242225,
        "avg_loss": 0.00930517317901831,
        "max_delay": 0.05977526130154729,
        "max_loss": 0.016476126154884696,
        "jains": 0.10717828832566738,
        "n_ues": 0.07415882647037506,
        "sinr_mean": 0.07560118958353997,
        "ho_count": 0.022691438999027015,
        "cqi_mean": 0.07528454065322876,
        "stationary": 0.1495977709069848
      },
      "frame_importance": [
        0.3776533231139183,
        0.29222706258296965,
        0.3301196306943893
      ],
      "cell_importance": [
        0.3457299739122391,
        0.3114697389304638,
        0.3428002864122391
      ]
    },
    "cell1_TTT": {
      "feature_importance": {
        "queue": 0.03140944340266287,
        "rb_util": 0.05831983080133796,
        "tx_power": 0.07473811898380518,
        "load": 0.04779213378205895,
        "avg_req": 0.060133535601198676,
        "avg_tput": 0.04056323012337089,
        "avg_delay": 0.032326640910468996,
        "avg_loss": 0.009522297518560662,
        "max_delay": 0.051325070578604935,
        "max_loss": 0.015568895160686224,
        "jains": 0.13946236502379178,
        "n_ues": 0.10508542638272048,
        "sinr_mean": 0.09931529043242335,
        "ho_count": 0.026097630383446813,
        "cqi_mean": 0.06024314537644386,
        "stationary": 0.1480969399213791
      },
      "frame_importance": [
        0.3876715287566185,
        0.2906666867434978,
        0.3216617785394192
      ],
      "cell_importance": [
        0.3150042608380318,
        0.34479358941316607,
        0.3402021512389183
      ]
    },
    "cell2_TxPower": {
      "feature_importance": {
        "queue": 0.02686103042215109,
        "rb_util": 0.08084779344499111,
        "tx_power": 0.06393358334898949,
        "load": 0.050890355929732324,
        "avg_req": 0.05590068567544222,
        "avg_tput": 0.056969026615843174,
        "avg_delay": 0.03572953979019076,
        "avg_loss": 0.00935808391077444,
        "max_delay": 0.04570789122954011,
        "max_loss": 0.02068216693587601,
        "jains": 0.09667107425630092,
        "n_ues": 0.08510543033480644,
        "sinr_mean": 0.08389626396819949,
        "ho_count": 0.0177461345680058,
        "cqi_mean": 0.0922622699290514,
        "stationary": 0.1774386752396822
      },
      "frame_importance": [
        0.3583763003349304,
        0.2788699820637703,
        0.36275370717048644
      ],
      "cell_importance": [
        0.29952335059642793,
        0.36047876477241514,
        0.3399978742003441
      ]
    },
    "cell2_CIO": {
      "feature_importance": {
        "queue": 0.03254345832392573,
        "rb_util": 0.05758101772516966,
        "tx_power": 0.07806612011045218,