{
  "is_scale_free": false,
  "alpha": -2.3550309234648865,
  "r_squared": 0.009792879108929564,
  "degree_stats": {
    "mean": 4096.0,
    "std": 56.20984677972357,
    "max": 4239,
    "min": 3913,
    "median": 4097.0
  },
  "hub_neurons": [
    12,
    34,
    35,
    43,
    52,
    53,
    64,
    71,
    94,
    95,
    96,
    102,
    125
  ],
  "num_hubs": 13,
  "degrees": [
    4088,
    4135,
    4081,
    4145,
    4040,
    4112,
    3992,
    4098,
    4114,
    4133,
    4038,
    4107,
    4164,
    4075,
    4101,
    4063,
    4085,
    4099,
    4103,
    4067,
    4137,
    4079,
    4085,
    4031,
    3967,
    4046,
    4081,
    4051,
    4138,
    4139,
    4042,
    4129,
    4124,
    4147,
    4186,
    4197,
    4103,
    4124,
    4034,
    4093,
    4007,
    4077,
    4026,
    4220,
    4023,
    4007,
    4156,
    4137,
    3995,
    4145,
    4065,
    4003,
    4239,
    4165,
    4136,
    4096,
    4131,
    4146,
    4152,
    4072,
    4156,
    4150,
    3987,
    4102,
    4198,
    4034,
    4031,
    4117,
    4083,
    4131,
    3913,
    4186,
    4050,
    4046,
    4131,
    4143,
    4102,
    4039,
    4138,
    4108,
    4063,
    4128,
    4106,
    4021,
    4071,
    4012,
    4100,
    4149,
    4139,
    4085,
    4134,
    4073,
    4061,
    4112,
    4173,
    4169,
    4160,
    4041,
    4040,
    4152,
    4073,
    4120,
    4215,
    4038,
    4024,
    4153,
    4068,
    4056,
    4070,
    4152,
    4134,
    4044,
    4089,
    4131,
    4115,
    4091,
    4028,
    4032,
    4080,
    4094,
    4088,
    4082,
    4078,
    4141,
    4076,
    4198,
    4155,
    4058
  ],
  "network_size": 128,
  "total_connections": 524288,
  "encoder_shape": [
    4,
    128,
    4096
  ]
}